Title,Page_URL
Golf Bit,https://dnrweqffuwjtx.cloudfront.net/golf-bit/
Cluster Rush,https://dnrweqffuwjtx.cloudfront.net/cluster-rush/
Velocity Rush,https://dnrweqffuwjtx.cloudfront.net/velocity-rush/
Snaker io,https://dnrweqffuwjtx.cloudfront.net/snaker-io/
Jungle Mart,https://dnrweqffuwjtx.cloudfront.net/jungle-mart/
Geometry Vector,https://dnrweqffuwjtx.cloudfront.net/geometry-vector/
Backflip Challenge,https://dnrweqffuwjtx.cloudfront.net/backflip-challenge/
Run 3 Nova,https://dnrweqffuwjtx.cloudfront.net/run-3-nova/
Steal Brainrot Heist,https://dnrweqffuwjtx.cloudfront.net/steal-brainrot-heist/
Steal Brainrot Duel,https://dnrweqffuwjtx.cloudfront.net/steal-brainrot-duel/
Chess,https://dnrweqffuwjtx.cloudfront.net/chess/
Fast Food Manager,https://dnrweqffuwjtx.cloudfront.net/fast-food-manager/
Papa's Wingeria,https://dnrweqffuwjtx.cloudfront.net/papas-wingeria/
Papa's Donuteria,https://dnrweqffuwjtx.cloudfront.net/papas-donuteria/
Papa's Bakeria,https://dnrweqffuwjtx.cloudfront.net/papas-bakeria/
Papa's Scooperia,https://dnrweqffuwjtx.cloudfront.net/papas-scooperia/
BFF Black Friday Collection,https://dnrweqffuwjtx.cloudfront.net/bffs-black-friday-collection/
Papa's Sushiria,https://dnrweqffuwjtx.cloudfront.net/papas-sushiria/
Papa's Cheeseria,https://dnrweqffuwjtx.cloudfront.net/papas-cheeseria/
Papa's Hot Doggeria,https://dnrweqffuwjtx.cloudfront.net/papas-hot-doggeria/
Run 3,https://dnrweqffuwjtx.cloudfront.net/run-3/
Papa's Pancakeria,https://dnrweqffuwjtx.cloudfront.net/papas-pancakeria/
Papa's Cupcakeria,https://dnrweqffuwjtx.cloudfront.net/papas-cupcakeria/
Papa's Taco Mia,https://dnrweqffuwjtx.cloudfront.net/papas-taco-mia/
Papa's Pizzeria,https://dnrweqffuwjtx.cloudfront.net/papas-pizzeria/
Papa's Freezeria,https://dnrweqffuwjtx.cloudfront.net/papas-freezeria/
Flappy Bird,https://dnrweqffuwjtx.cloudfront.net/flappy-bird/
Capy Clicker,https://dnrweqffuwjtx.cloudfront.net/capy-clicker/
Cookie Clicker,https://dnrweqffuwjtx.cloudfront.net/cookie-clicker/
Elastic Man,https://dnrweqffuwjtx.cloudfront.net/elastic-man/
Paw Clicker,https://dnrweqffuwjtx.cloudfront.net/paw-clicker/
Fast Food Rush,https://dnrweqffuwjtx.cloudfront.net/fast-food-rush/
Pixelmon Town,https://dnrweqffuwjtx.cloudfront.net/pixelmon-town/
Farming Island,https://dnrweqffuwjtx.cloudfront.net/farming-island/
Snow Rider 3D,https://dnrweqffuwjtx.cloudfront.net/snow-rider-3d/
Soccer Random Pro,https://dnrweqffuwjtx.cloudfront.net/soccer-random-pro/
Papa's Burgeria,https://dnrweqffuwjtx.cloudfront.net/papas-burgeria/
Nuts and Bolts Puzzle,https://dnrweqffuwjtx.cloudfront.net/nuts-and-bolts-puzzle/
Watermelon Game,https://dnrweqffuwjtx.cloudfront.net/watermelon-game/
2048,https://dnrweqffuwjtx.cloudfront.net/2048/
Snake,https://dnrweqffuwjtx.cloudfront.net/snake/
Voxel World,https://dnrweqffuwjtx.cloudfront.net/voxel-world/
Super Car Driving,https://dnrweqffuwjtx.cloudfront.net/super-car-driving/
Basketball King,https://dnrweqffuwjtx.cloudfront.net/basketball-king/
Geometry Escape,https://dnrweqffuwjtx.cloudfront.net/geometry-escape/
Bookworm,https://dnrweqffuwjtx.cloudfront.net/bookworm/
Block Blast,https://dnrweqffuwjtx.cloudfront.net/block-blast/
Survival Karts,https://dnrweqffuwjtx.cloudfront.net/survival-karts/
Cake Match Puzzle,https://dnrweqffuwjtx.cloudfront.net/cake-match-puzzle/
Edelweiss,https://dnrweqffuwjtx.cloudfront.net/edelweiss/
World's Hardest Game,https://dnrweqffuwjtx.cloudfront.net/worlds-hardest-game/
Run 1,https://dnrweqffuwjtx.cloudfront.net/run-1/
Neighborhood Defense,https://dnrweqffuwjtx.cloudfront.net/neighborhood-defense/
Penalty King,https://dnrweqffuwjtx.cloudfront.net/penalty-king/
Let's Roll,https://dnrweqffuwjtx.cloudfront.net/lets-roll/
Duck Life Space,https://dnrweqffuwjtx.cloudfront.net/duck-life-space/
Duck Life Adventure,https://dnrweqffuwjtx.cloudfront.net/duck-life-adventure/
Duck Life Battle,https://dnrweqffuwjtx.cloudfront.net/duck-life-battle/
Where's My Pizza,https://dnrweqffuwjtx.cloudfront.net/wheres-my-pizza/
Duck Life 3,https://dnrweqffuwjtx.cloudfront.net/duck-life-3/
Duck Life 2,https://dnrweqffuwjtx.cloudfront.net/duck-life-2/
Duck Life,https://dnrweqffuwjtx.cloudfront.net/duck-life/
Duck Life 4,https://dnrweqffuwjtx.cloudfront.net/duck-life-4/
Fancy Pants 2,https://dnrweqffuwjtx.cloudfront.net/fancy-pants-2/
Crazy Karts,https://dnrweqffuwjtx.cloudfront.net/crazy-karts/
Football King,https://dnrweqffuwjtx.cloudfront.net/football-king/
Gigga io,https://dnrweqffuwjtx.cloudfront.net/gigga-io/
Duck Life 4 Flash,https://dnrweqffuwjtx.cloudfront.net/duck-life-4-flash/
Egg Clicker,https://dnrweqffuwjtx.cloudfront.net/egg-clicker/
Football Legends,https://dnrweqffuwjtx.cloudfront.net/football-legends/
We Become What We Behold,https://dnrweqffuwjtx.cloudfront.net/we-become-what-we-behold/
Learn To Fly Idle,https://dnrweqffuwjtx.cloudfront.net/learn-to-fly-idle/
Learn To Fly 3,https://dnrweqffuwjtx.cloudfront.net/learn-to-fly-3/
Learn To Fly 2,https://dnrweqffuwjtx.cloudfront.net/learn-to-fly-2/
Drift King,https://dnrweqffuwjtx.cloudfront.net/drift-king/
Epic Basketball,https://dnrweqffuwjtx.cloudfront.net/epic-basketball/
State io Wars,https://dnrweqffuwjtx.cloudfront.net/state-io-wars/
Spacebar Clicker,https://dnrweqffuwjtx.cloudfront.net/spacebar-clicker/
Dreamlike Room,https://dnrweqffuwjtx.cloudfront.net/dreamlike-room/
Learn To Fly,https://dnrweqffuwjtx.cloudfront.net/learn-to-fly/
Stunt Rider,https://dnrweqffuwjtx.cloudfront.net/stunt-rider/
Asian Cup Soccer,https://dnrweqffuwjtx.cloudfront.net/asian-cup-soccer/
Bloons Tower Defense 3,https://dnrweqffuwjtx.cloudfront.net/bloons-tower-defense-3/
Doggo Clicker,https://dnrweqffuwjtx.cloudfront.net/doggo-clicker/
Bloxorz,https://dnrweqffuwjtx.cloudfront.net/bloxorz/
Drift City,https://dnrweqffuwjtx.cloudfront.net/drift-city/
Pets Master Simulator,https://dnrweqffuwjtx.cloudfront.net/pets-master-simulator/
War Of Tanks Paper Note,https://dnrweqffuwjtx.cloudfront.net/war-of-tanks-paper-note/
Bricks and Balls,https://dnrweqffuwjtx.cloudfront.net/bricks-and-balls/
Fish Soccer,https://dnrweqffuwjtx.cloudfront.net/fish-soccer/
Cannon Strike,https://dnrweqffuwjtx.cloudfront.net/cannon-strike/
Moto X3M Winter,https://dnrweqffuwjtx.cloudfront.net/moto-x3m-winter/
Moto X3M Spooky Land,https://dnrweqffuwjtx.cloudfront.net/moto-x3m-spooky-land/
Tennis Masters,https://dnrweqffuwjtx.cloudfront.net/tennis-masters/
Soccer Masters,https://dnrweqffuwjtx.cloudfront.net/soccer-masters/
Moto X3M Pool Party,https://dnrweqffuwjtx.cloudfront.net/moto-x3m-pool-party/
Tap Tap Colors,https://dnrweqffuwjtx.cloudfront.net/tap-tap-colors/
Neon War,https://dnrweqffuwjtx.cloudfront.net/neon-war/
Basketball Stars,https://dnrweqffuwjtx.cloudfront.net/basketball-stars/
Moto X3M,https://dnrweqffuwjtx.cloudfront.net/moto-x3m/
Friday Night Funkin (FNF),https://dnrweqffuwjtx.cloudfront.net/friday-night-funkin-fnf/
ClassiCube,https://dnrweqffuwjtx.cloudfront.net/classicube/
Snake Wars,https://dnrweqffuwjtx.cloudfront.net/snake-wars/
Drift Hunters 2024,https://dnrweqffuwjtx.cloudfront.net/drift-hunters-2024/
Drift Hunters,https://dnrweqffuwjtx.cloudfront.net/drift-hunters/
Head Soccer 2022,https://dnrweqffuwjtx.cloudfront.net/head-soccer-2022/
Xmas Cookie Clicker,https://dnrweqffuwjtx.cloudfront.net/xmas-cookie-clicker/
Dino Chaos Idle,https://dnrweqffuwjtx.cloudfront.net/dino-chaos-idle/
Ado Cars Drifter,https://dnrweqffuwjtx.cloudfront.net/ado-cars-drifter/
Supercars Drift,https://dnrweqffuwjtx.cloudfront.net/supercars-drift/
City Stunts,https://dnrweqffuwjtx.cloudfront.net/city-stunts/
Drift Rider,https://dnrweqffuwjtx.cloudfront.net/drift-rider/
Idle Dev Startup,https://dnrweqffuwjtx.cloudfront.net/idle-dev-startup/
Jeep Racing,https://dnrweqffuwjtx.cloudfront.net/jeep-racing/
Car Rush,https://dnrweqffuwjtx.cloudfront.net/car-rush/
Dino Game,https://dnrweqffuwjtx.cloudfront.net/dino-game/
Battleship War,https://dnrweqffuwjtx.cloudfront.net/battleship-war/
Four Colors,https://dnrweqffuwjtx.cloudfront.net/four-colors/
Gummy Blocks,https://dnrweqffuwjtx.cloudfront.net/gummy-blocks/
Master Chess,https://dnrweqffuwjtx.cloudfront.net/master-chess/
Geometry Dash FreezeNova,https://dnrweqffuwjtx.cloudfront.net/geometry-dash-freezenova/
Penalty Challenge,https://dnrweqffuwjtx.cloudfront.net/penalty-challenge/
Tap Tap Goals,https://dnrweqffuwjtx.cloudfront.net/tap-tap-goals/
Penalty Kick,https://dnrweqffuwjtx.cloudfront.net/penalty-kick/
Tap Tap Shots,https://dnrweqffuwjtx.cloudfront.net/tap-tap-shots/
Geometry Rash,https://dnrweqffuwjtx.cloudfront.net/geometry-rash/
Idle Restaurant,https://dnrweqffuwjtx.cloudfront.net/idle-restaurant/
Charge It,https://dnrweqffuwjtx.cloudfront.net/charge-it/
Scratch Chess,https://dnrweqffuwjtx.cloudfront.net/scratch-chess/
House Painter,https://dnrweqffuwjtx.cloudfront.net/house-painter/
Pocket Drift,https://dnrweqffuwjtx.cloudfront.net/pocket-drift/
Getting Over It Scratch,https://dnrweqffuwjtx.cloudfront.net/getting-over-it-scratch/
Paper Minecraft Scratch,https://dnrweqffuwjtx.cloudfront.net/paper-minecraft-scratch/
Geometry Dash Scratch,https://dnrweqffuwjtx.cloudfront.net/geometry-dash-scratch/
Trains io,https://dnrweqffuwjtx.cloudfront.net/trains-io/
Offroad Rally,https://dnrweqffuwjtx.cloudfront.net/offroad-rally/
Monster Truck Contest,https://dnrweqffuwjtx.cloudfront.net/monster-truck-contest/
Teddy Adventure,https://dnrweqffuwjtx.cloudfront.net/teddy-adventure/
Car Wash,https://dnrweqffuwjtx.cloudfront.net/car-wash/
Drift Hunters Pro,https://dnrweqffuwjtx.cloudfront.net/drift-hunters-pro/
Crazy Hill Climb,https://dnrweqffuwjtx.cloudfront.net/crazy-hill-climb/
Snake Football,https://dnrweqffuwjtx.cloudfront.net/snake-football/
Run 3 Space,https://dnrweqffuwjtx.cloudfront.net/run-3-space/
Fire and Water,https://dnrweqffuwjtx.cloudfront.net/fire-and-water/
Car Football,https://dnrweqffuwjtx.cloudfront.net/car-football/
Desert Prince Runner,https://dnrweqffuwjtx.cloudfront.net/desert-prince-runner/
Madalin Stunt Cars Pro,https://dnrweqffuwjtx.cloudfront.net/madalin-stunt-cars-pro/
Monster Truck Stunts,https://dnrweqffuwjtx.cloudfront.net/monster-truck-stunts/
Archer Hero,https://dnrweqffuwjtx.cloudfront.net/archer-hero/
Hero Dragon Power,https://dnrweqffuwjtx.cloudfront.net/hero-dragon-power/
Marco,https://dnrweqffuwjtx.cloudfront.net/marco/
Tunnel,https://dnrweqffuwjtx.cloudfront.net/tunnel/
Cross The Road,https://dnrweqffuwjtx.cloudfront.net/cross-the-road/
Real Flight Simulator,https://dnrweqffuwjtx.cloudfront.net/real-flight-simulator/
Drift Fury,https://dnrweqffuwjtx.cloudfront.net/drift-fury/
Hero Rush Tower Defense,https://dnrweqffuwjtx.cloudfront.net/hero-rush-tower-defense/
Solitaire Adventure,https://dnrweqffuwjtx.cloudfront.net/solitaire-adventure/
UNO Online,https://dnrweqffuwjtx.cloudfront.net/uno-online/
Cat Simulator,https://dnrweqffuwjtx.cloudfront.net/cat-simulator/
The Farmer Craft,https://dnrweqffuwjtx.cloudfront.net/the-farmer-craft/
Subway Idle 3D,https://dnrweqffuwjtx.cloudfront.net/subway-idle-3d/
Burnout Drift Hunter,https://dnrweqffuwjtx.cloudfront.net/burnout-drift-hunter/
Crazy Arena Racing,https://dnrweqffuwjtx.cloudfront.net/crazy-arena-racing/
Super Mini Racing,https://dnrweqffuwjtx.cloudfront.net/super-mini-racing/
Highway Racer 2,https://dnrweqffuwjtx.cloudfront.net/highway-racer-2/
Fort Drifter,https://dnrweqffuwjtx.cloudfront.net/fort-drifter/
2 Player Crazy Racer,https://dnrweqffuwjtx.cloudfront.net/2-player-crazy-racer/
Crazy Parking Fury,https://dnrweqffuwjtx.cloudfront.net/crazy-parking-fury/
Monster Truck Dirt Rally,https://dnrweqffuwjtx.cloudfront.net/monster-truck-dirt-rally/
Crazy Car Arena,https://dnrweqffuwjtx.cloudfront.net/crazy-car-arena/
Nova Idle Clicker,https://dnrweqffuwjtx.cloudfront.net/nova-idle-clicker/
Crazy Moto Racing,https://dnrweqffuwjtx.cloudfront.net/crazy-moto-racing/
Crazy Drifter,https://dnrweqffuwjtx.cloudfront.net/crazy-drifter/
Treasure Hunter,https://dnrweqffuwjtx.cloudfront.net/treasure-hunter/
Neon Slither Sim,https://dnrweqffuwjtx.cloudfront.net/neon-slither-sim/
Dino Evolution io,https://dnrweqffuwjtx.cloudfront.net/dino-evolution-io/
8 Ball Pool Billiard,https://dnrweqffuwjtx.cloudfront.net/8-ball-pool-billiard/
WaterPark Slide io,https://dnrweqffuwjtx.cloudfront.net/waterpark-slide-io/
Skateboard Marathon,https://dnrweqffuwjtx.cloudfront.net/skateboard-marathon/
Poly Racing Cars,https://dnrweqffuwjtx.cloudfront.net/poly-racing-cars/
Basketball io,https://dnrweqffuwjtx.cloudfront.net/basketball-io/
Blocky Parkour Ninja,https://dnrweqffuwjtx.cloudfront.net/blocky-parkour-ninja/
The Farmer,https://dnrweqffuwjtx.cloudfront.net/the-farmer/
Jul Moto Racing,https://dnrweqffuwjtx.cloudfront.net/jul-moto-racing/
Train Racing,https://dnrweqffuwjtx.cloudfront.net/train-racing/
Galactic Driver,https://dnrweqffuwjtx.cloudfront.net/galactic-driver/
Galactic Traffic,https://dnrweqffuwjtx.cloudfront.net/galactic-traffic/
Forest Slither Snake,https://dnrweqffuwjtx.cloudfront.net/forest-slither-snake/
Fortress Defense,https://dnrweqffuwjtx.cloudfront.net/fortress-defense/
Draw The Bike Bridge,https://dnrweqffuwjtx.cloudfront.net/draw-the-bike-bridge/
F1 Drift Racer,https://dnrweqffuwjtx.cloudfront.net/f1-drift-racer/
Car Parkour,https://dnrweqffuwjtx.cloudfront.net/car-parkour/
Neon Moto Driver,https://dnrweqffuwjtx.cloudfront.net/neon-moto-driver/
Draw The Truck Bridge,https://dnrweqffuwjtx.cloudfront.net/draw-the-truck-bridge/
Truck Racing,https://dnrweqffuwjtx.cloudfront.net/truck-racing/
Speedrun Parkour,https://dnrweqffuwjtx.cloudfront.net/speedrun-parkour/
Formula 1 Driver,https://dnrweqffuwjtx.cloudfront.net/formula-1-driver/
Draw The Bird Path,https://dnrweqffuwjtx.cloudfront.net/draw-the-bird-path/
Speed Drift Racing,https://dnrweqffuwjtx.cloudfront.net/speed-drift-racing/
Fantasy Tower Defense,https://dnrweqffuwjtx.cloudfront.net/fantasy-tower-defense/
Jul Monster Truck Racing,https://dnrweqffuwjtx.cloudfront.net/jul-monster-truck-racing/
Mine Clone,https://dnrweqffuwjtx.cloudfront.net/mine-clone/
Sweet Sugar Match,https://dnrweqffuwjtx.cloudfront.net/sweet-sugar-match/
Tractor Farming Simulator,https://dnrweqffuwjtx.cloudfront.net/tractor-farming-simulator/
City Ambulance Driver,https://dnrweqffuwjtx.cloudfront.net/city-ambulance-driver/
Limousine Driver,https://dnrweqffuwjtx.cloudfront.net/limousine-driver/
Water Slide Cars,https://dnrweqffuwjtx.cloudfront.net/water-slide-cars/
War of Ships io,https://dnrweqffuwjtx.cloudfront.net/war-of-ships-io/
Cargo Truck Simulator,https://dnrweqffuwjtx.cloudfront.net/cargo-truck-simulator/
Water Car Surfing,https://dnrweqffuwjtx.cloudfront.net/water-car-surfing/
Drift Simulator,https://dnrweqffuwjtx.cloudfront.net/drift-simulator/
Car Carrier Trailer,https://dnrweqffuwjtx.cloudfront.net/car-carrier-trailer/
Taxi Simulator,https://dnrweqffuwjtx.cloudfront.net/taxi-simulator/
Snow Hill Racing,https://dnrweqffuwjtx.cloudfront.net/snow-hill-racing/
Furious Car Racing,https://dnrweqffuwjtx.cloudfront.net/furious-car-racing/
Grandmaster Chess,https://dnrweqffuwjtx.cloudfront.net/grandmaster-chess/
Survival Craft,https://dnrweqffuwjtx.cloudfront.net/survival-craft/
Zodiac Runner,https://dnrweqffuwjtx.cloudfront.net/zodiac-runner/
Car Transform Racing,https://dnrweqffuwjtx.cloudfront.net/car-transform-racing/
Fidget Spinner Master,https://dnrweqffuwjtx.cloudfront.net/fidget-spinner-master/
Edys Car Simulator,https://dnrweqffuwjtx.cloudfront.net/edys-car-simulator/
Marble Zumba Stack,https://dnrweqffuwjtx.cloudfront.net/marble-zumba-stack/
Fall Heroes Knockout,https://dnrweqffuwjtx.cloudfront.net/fall-heroes-knockout/
Bus Subway Runner,https://dnrweqffuwjtx.cloudfront.net/bus-subway-runner/
Dragon Escape,https://dnrweqffuwjtx.cloudfront.net/dragon-escape/
Stunt Simulator 2,https://dnrweqffuwjtx.cloudfront.net/stunt-simulator-2/
Hover Racer,https://dnrweqffuwjtx.cloudfront.net/hover-racer/
American Touchdown,https://dnrweqffuwjtx.cloudfront.net/american-touchdown/
Pixel Driver,https://dnrweqffuwjtx.cloudfront.net/pixel-driver/
Pinball Simulator,https://dnrweqffuwjtx.cloudfront.net/pinball-simulator/
Blocky Blast,https://dnrweqffuwjtx.cloudfront.net/blocky-blast/
Draw Here,https://dnrweqffuwjtx.cloudfront.net/draw-here/
Worms Combat Coop,https://dnrweqffuwjtx.cloudfront.net/worms-combat-coop/
Nova Billiard,https://dnrweqffuwjtx.cloudfront.net/nova-billiard/
Crazy Roll,https://dnrweqffuwjtx.cloudfront.net/crazy-roll/
Tic Tac Toe,https://dnrweqffuwjtx.cloudfront.net/tic-tac-toe/
Powerslide Kart Simulator,https://dnrweqffuwjtx.cloudfront.net/powerslide-kart-simulator/
Crazy Ball Adventures,https://dnrweqffuwjtx.cloudfront.net/crazy-ball-adventures/
Basketball Slam Dunk,https://dnrweqffuwjtx.cloudfront.net/basketball-slam-dunk/
Arcade Car Drift,https://dnrweqffuwjtx.cloudfront.net/arcade-car-drift/
Motorbike Stunt Simulator,https://dnrweqffuwjtx.cloudfront.net/motorbike-stunt-simulator/
Mini Cars Racing,https://dnrweqffuwjtx.cloudfront.net/mini-cars-racing/
Hover Racer Pro,https://dnrweqffuwjtx.cloudfront.net/hover-racer-pro/
Monster Truck City Parking,https://dnrweqffuwjtx.cloudfront.net/monster-truck-city-parking/
Moto Beach,https://dnrweqffuwjtx.cloudfront.net/moto-beach/
Moto Trials,https://dnrweqffuwjtx.cloudfront.net/moto-trials/
ATV Highway Traffic,https://dnrweqffuwjtx.cloudfront.net/atv-highway-traffic/
Police Traffic,https://dnrweqffuwjtx.cloudfront.net/police-traffic/
Motorbike Traffic,https://dnrweqffuwjtx.cloudfront.net/motorbike-traffic/
Stack Fire Ball,https://dnrweqffuwjtx.cloudfront.net/stack-fire-ball/
Dont Fall io,https://dnrweqffuwjtx.cloudfront.net/dont-fall-io/
Stunt Simulator Multiplayer,https://dnrweqffuwjtx.cloudfront.net/stunt-simulator-multiplayer/
Racing Cars 2,https://dnrweqffuwjtx.cloudfront.net/racing-cars-2/
Paradise Girls,https://dnrweqffuwjtx.cloudfront.net/paradise-girls/
Neon Racer,https://dnrweqffuwjtx.cloudfront.net/neon-racer/
Limousine Simulator,https://dnrweqffuwjtx.cloudfront.net/limousine-simulator/
Fun Party Makeup,https://dnrweqffuwjtx.cloudfront.net/fun-party-makeup/
Draw The Car Path,https://dnrweqffuwjtx.cloudfront.net/draw-the-car-path/
Draw The Bridge,https://dnrweqffuwjtx.cloudfront.net/draw-the-bridge/
Darts Hit,https://dnrweqffuwjtx.cloudfront.net/darts-hit/
Crazy Car Trials,https://dnrweqffuwjtx.cloudfront.net/crazy-car-trials/
Cargo Jeep Racing,https://dnrweqffuwjtx.cloudfront.net/cargo-jeep-racing/
Social Media Snake,https://dnrweqffuwjtx.cloudfront.net/social-media-snake/
Princess Influencer Salon,https://dnrweqffuwjtx.cloudfront.net/princess-influencer-salon/
Princesses Prom Night,https://dnrweqffuwjtx.cloudfront.net/princesses-prom-night/
Police Chase Drifter,https://dnrweqffuwjtx.cloudfront.net/police-chase-drifter/
Perfect First Date,https://dnrweqffuwjtx.cloudfront.net/perfect-first-date/
Monster Truck Race Arena,https://dnrweqffuwjtx.cloudfront.net/monster-truck-race-arena/
Love Tester,https://dnrweqffuwjtx.cloudfront.net/love-tester/
Hill Climb Cars,https://dnrweqffuwjtx.cloudfront.net/hill-climb-cars/
First Day of School,https://dnrweqffuwjtx.cloudfront.net/first-day-of-school/
Drift Racer 2021,https://dnrweqffuwjtx.cloudfront.net/drift-racer-2021/
Boat Racing,https://dnrweqffuwjtx.cloudfront.net/boat-racing/
Baby Dragons,https://dnrweqffuwjtx.cloudfront.net/baby-dragons/
Witch Beauty Salon,https://dnrweqffuwjtx.cloudfront.net/witch-beauty-salon/
Wedding Beauty Salon,https://dnrweqffuwjtx.cloudfront.net/wedding-beauty-salon/
Ultimate Moto,https://dnrweqffuwjtx.cloudfront.net/ultimate-moto/
School Bus,https://dnrweqffuwjtx.cloudfront.net/school-bus/
Rescue Helicopter,https://dnrweqffuwjtx.cloudfront.net/rescue-helicopter/
Pets Beauty Salon,https://dnrweqffuwjtx.cloudfront.net/pets-beauty-salon/
Owl and Rabbit Fashion,https://dnrweqffuwjtx.cloudfront.net/owl-and-rabbit-fashion/
Monster Truck Mountain Climb,https://dnrweqffuwjtx.cloudfront.net/monster-truck-mountain-climb/
Jasmine Beauty Salon,https://dnrweqffuwjtx.cloudfront.net/jasmine-beauty-salon/
Crazy Parking,https://dnrweqffuwjtx.cloudfront.net/crazy-parking/
Baby Beauty Salon,https://dnrweqffuwjtx.cloudfront.net/baby-beauty-salon/
Unicorn Beauty Salon,https://dnrweqffuwjtx.cloudfront.net/unicorn-beauty-salon/
Racing Cars,https://dnrweqffuwjtx.cloudfront.net/racing-cars/
Princess Beauty Salon,https://dnrweqffuwjtx.cloudfront.net/princess-beauty-salon/
Monster Truck Racing,https://dnrweqffuwjtx.cloudfront.net/monster-truck-racing/
Julie Beauty Salon,https://dnrweqffuwjtx.cloudfront.net/julie-beauty-salon/
Jeep Driver,https://dnrweqffuwjtx.cloudfront.net/jeep-driver/
F1 Racing,https://dnrweqffuwjtx.cloudfront.net/f1-racing/
Moto Racer,https://dnrweqffuwjtx.cloudfront.net/moto-racer/
Monster Truck 2D,https://dnrweqffuwjtx.cloudfront.net/monster-truck-2d/
Majestic Hero,https://dnrweqffuwjtx.cloudfront.net/majestic-hero/
Sports Car Drift,https://dnrweqffuwjtx.cloudfront.net/sports-car-drift/
Police Stunt Cars,https://dnrweqffuwjtx.cloudfront.net/police-stunt-cars/
Train Simulator,https://dnrweqffuwjtx.cloudfront.net/train-simulator/
Jet Ski Boat Race,https://dnrweqffuwjtx.cloudfront.net/jet-ski-boat-race/
Crazy Chase,https://dnrweqffuwjtx.cloudfront.net/crazy-chase/
Moto Traffic,https://dnrweqffuwjtx.cloudfront.net/moto-traffic/
Uphill Bus Simulator,https://dnrweqffuwjtx.cloudfront.net/uphill-bus-simulator/
Wobble Boss,https://dnrweqffuwjtx.cloudfront.net/wobble-boss/
Elevator Breaking,https://dnrweqffuwjtx.cloudfront.net/elevator-breaking/
Head Soccer Football,https://dnrweqffuwjtx.cloudfront.net/head-soccer-football/
Head Basketball,https://dnrweqffuwjtx.cloudfront.net/head-basketball/
Love Pins,https://dnrweqffuwjtx.cloudfront.net/love-pins/
Underwater Cycling,https://dnrweqffuwjtx.cloudfront.net/underwater-cycling/
SlidePark.io,https://dnrweqffuwjtx.cloudfront.net/slidepark-io/
Candy Match,https://dnrweqffuwjtx.cloudfront.net/candy-match/
Slither Snakes,https://dnrweqffuwjtx.cloudfront.net/slither-snakes/
Bubble Shooter,https://dnrweqffuwjtx.cloudfront.net/bubble-shooter/
Offroad Jeep Simulator,https://dnrweqffuwjtx.cloudfront.net/offroad-jeep-simulator/
Christmas Monster Truck,https://dnrweqffuwjtx.cloudfront.net/christmas-monster-truck/
Crazy Snake io,https://dnrweqffuwjtx.cloudfront.net/crazy-snake-io/
Julio Police Cars,https://dnrweqffuwjtx.cloudfront.net/julio-police-cars/
Snow War io,https://dnrweqffuwjtx.cloudfront.net/snow-war-io/
Pickup Simulator,https://dnrweqffuwjtx.cloudfront.net/pickup-simulator/
2048,https://dnrweqffuwjtx.cloudfront.net/ancient-2048/
Model Dress Up,https://dnrweqffuwjtx.cloudfront.net/model-dress-up/
Hill Climb Moto,https://dnrweqffuwjtx.cloudfront.net/hill-climb-moto/
Flappy Dragon,https://dnrweqffuwjtx.cloudfront.net/flappy-dragon/
Boat Simulator,https://dnrweqffuwjtx.cloudfront.net/boat-simulator/
StackBall.io,https://dnrweqffuwjtx.cloudfront.net/stackballio/
Motorbike Racing,https://dnrweqffuwjtx.cloudfront.net/motorbike-racing/
Elite Racing,https://dnrweqffuwjtx.cloudfront.net/elite-racing/
Offroad Racing 2D,https://dnrweqffuwjtx.cloudfront.net/offroad-racing-2d/
Egg Helix,https://dnrweqffuwjtx.cloudfront.net/egg-helix/
School Day,https://dnrweqffuwjtx.cloudfront.net/school-day/
Hook,https://dnrweqffuwjtx.cloudfront.net/hook/
Pipe Ninja,https://dnrweqffuwjtx.cloudfront.net/pipe-ninja/
City Car Simulator,https://dnrweqffuwjtx.cloudfront.net/city-car-simulator/
Highway Traffic,https://dnrweqffuwjtx.cloudfront.net/highway-traffic/
Realistic Buggy Driver,https://dnrweqffuwjtx.cloudfront.net/realistic-buggy-driver/
Toy Cars,https://dnrweqffuwjtx.cloudfront.net/toy-cars/
Monoa City Parking,https://dnrweqffuwjtx.cloudfront.net/monoa-city-parking/
Vehicles Simulator 2,https://dnrweqffuwjtx.cloudfront.net/vehicles-simulator-2/
Vehicles Simulator,https://dnrweqffuwjtx.cloudfront.net/vehicles-simulator/
Bicycle Simulator,https://dnrweqffuwjtx.cloudfront.net/bicycle-simulator/
Sportbike Simulator,https://dnrweqffuwjtx.cloudfront.net/sportbike-simulator/
Motorbike Simulator,https://dnrweqffuwjtx.cloudfront.net/motorbike-simulator/
Stunt Simulator,https://dnrweqffuwjtx.cloudfront.net/stunt-simulator/
Cars Simulator,https://dnrweqffuwjtx.cloudfront.net/cars-simulator/
Drift Cars,https://dnrweqffuwjtx.cloudfront.net/drift-cars/
Archer.ro,https://dnrweqffuwjtx.cloudfront.net/archer-ro/
